field,ra_fld,dec_fld,ra_tel,dec_tel,phi1,phi2,field_radius_deg,group,utdate,n_epochs
atlasW-field-4,0.606192,-15.685264,0.60473,-15.687273,21.0,-1.0971,1.0,AAU,2020-08-18,1
atlasW-field-3,2.444021,-16.690811,2.445175,-16.689002,19.0,-0.7406,1.0,AAU,2020-07-16,1
atlasW-field-1,6.120058,-18.722714,6.121677,-18.721585,15.0,-0.1154,1.0,AAU,2020-07-17,1
atlasW-field-0,7.959412,-19.749594,7.960146,-19.749532,13.0,0.1498,1.0,AAU,2020-10-15,2
ATLAS-field-11,9.638825,-20.983147,9.638663,-20.985328,11.0,0.1314,1.0,AAU,2018-09-27,1
ATLAS-field-10,11.484042,-22.027756,11.485245,-22.025185,9.0,0.3273,1.0,AAU,2018-09-08,1
atlas-pt2,,,13.305955,-23.062726,7.0309,0.4864,1.0,AAU,2018-06-06,1
ATLAS-field-8,15.186312,-24.144267,15.186446,-24.14161,5.0,0.6055,1.0,AAU,2018-10-24,3
ATLAS-field-7,17.045587,-25.217464,17.046881,-25.215898,3.0,0.6845,1.0,AAU,2018-10-23,1
ATLAS-field-6,18.911929,-26.301706,18.912949,-26.299787,1.0,0.721,1.0,AAU,2018-09-11,1
ATLAS-field-5,20.786725,-27.397961,20.785658,-27.397499,-1.0,0.7131,1.0,AAU,2018-09-29,3
ATLAS-field-4,22.671629,-28.507156,22.671638,-28.507177,-3.0,0.6592,1.0,AAU,2018-09-27,1
ATLAS-field-3,24.568375,-29.630453,24.569248,-29.628485,-5.0,0.5572,1.0,AAU,2018-09-12,1
stream,,,26.200215,-30.599785,-6.7078,0.4328,1.0,AAU,2018-01-23,1
ATLAS-field-1,28.405246,-31.924739,28.406544,-31.922932,-9.0,0.2005,1.0,AAU,2018-09-13,1
atlasK-field-1,29.591746,-29.772944,29.592493,-29.773695,-8.8713,2.5776,1.0,AAU,2020-07-16,1
ATLAS-field-0,30.349837,-33.098808,30.350248,-33.098693,-11.0,-0.0588,1.0,AAU,2018-09-14,1
atlasK-field-0,30.44355,-31.301411,30.44384,-31.301973,-10.2356,1.5699,1.0,AAU,2020-07-15,1
atlasK-field-2,31.709817,-30.202253,31.706995,-30.204446,-10.6985,3.0458,1.0,AAU,2020-08-18,1
atlasK-field-4,31.948929,-33.910272,31.949752,-33.911286,-12.5569,-0.1697,1.0,AAU,2020-07-17,1
Aliqa_Uma-field-5,32.515112,-32.198142,32.51517,-32.198125,-12.2129,1.5733,1.0,AAU,2018-08-08,1
atlasK-field-5,33.824954,-35.089247,33.825678,-35.089433,-14.4652,-0.5421,1.0,AAU,2020-08-18,1
atlasK-field-3,33.956225,-30.524592,33.956108,-30.526733,-12.5815,3.6177,1.0,AAU,2020-10-14,2
Aliqa_Uma-field-4,34.212317,-33.601572,34.211411,-33.603704,-14.1096,0.9374,1.0,AAU,2018-08-09,1
Aliqa_Uma-field-3,35.965196,-34.981072,35.96577,-34.980462,-16.0056,0.3004,1.0,AAU,2018-09-09,2
Aliqa_Uma-field-2,37.777571,-36.334522,37.776994,-36.334496,-17.9013,-0.3369,1.0,AAU,2018-09-07,1
Aliqa_Uma-field-1,39.653354,-37.659653,39.653899,-37.658852,-19.7973,-0.9738,1.0,AAU,2018-09-08,1
Aliqa_Uma-field-0,41.596508,-38.954006,41.595438,-38.955045,-21.6941,-1.6096,1.0,AAU,2021-01-18,1
atlasW-field-5,358.7682,-14.686042,358.769637,-14.68455,23.0,-1.4802,1.0,AAU,2020-07-15,1
Fornax-field-1,41.474267,-33.346828,41.456404,-33.346732,-19.5692,3.5807,1.0,Fornax,2023-10-11,1
